"id","member_id","subject","description","summary","created_on","updated_on"
"1","1","Review Subject Update","Review Description Update","Review Summary Update","2019-02-25 03:24:54","2019-02-25 03:24:59"
"2","4","Review 1",,,"2019-05-16 18:03:43","2019-05-16 18:03:43"
"3","4","Review 2",,,"2019-05-16 18:06:26","2019-05-16 18:06:26"
"4","4","Review 3",,,"2019-05-17 19:27:08","2019-05-17 19:27:08"
"5","5",,,,"2019-05-31 19:06:46","2019-05-31 19:06:46"
"6","3",,,,"2019-06-03 13:45:59","2019-06-03 13:45:59"
"7","5",,,,"2019-06-05 10:52:38","2019-06-05 10:52:38"
"8","5",,,,"2019-06-05 10:52:45","2019-06-05 10:52:45"
"9","5","ทดสอบรีวิว",,,"2019-06-05 10:53:21","2019-06-05 10:53:21"
"10","1",,,,"2019-06-05 15:00:06","2019-06-05 15:00:06"
"11","1",,,,"2019-06-05 17:07:13","2019-06-05 17:07:13"
"12","3",,,,"2019-06-06 00:54:42","2019-06-06 00:54:42"
"13","5",,,,"2019-06-06 14:32:10","2019-06-06 14:32:10"
"14","5","ทดสอบ",,,"2019-06-06 14:35:28","2019-06-06 14:35:28"
"15","5","รีวิวร้าน Fillets (ฟิลเล)",,,"2019-06-06 14:37:39","2019-06-06 14:37:39"
"16","5",,,,"2019-06-06 14:52:29","2019-06-06 14:52:29"
"17","9","kkkk",,,"2019-06-06 14:53:26","2019-06-06 14:53:26"
"18","5",,,,"2019-06-06 14:58:56","2019-06-06 14:58:56"
"19","9",,,,"2019-06-06 15:09:16","2019-06-06 15:09:16"
"20","9",,,,"2019-06-06 15:09:17","2019-06-06 15:09:17"
"21","5",,,,"2019-06-06 18:13:40","2019-06-06 18:13:40"
"22","4","test puu",,,"2019-06-07 19:12:50","2019-06-07 19:12:50"
"23","3",,,,"2019-06-08 12:35:36","2019-06-08 12:35:36"
"24","5",,,,"2019-06-09 09:51:08","2019-06-09 09:51:08"
"25","5","guu",,,"2019-06-10 08:57:33","2019-06-10 08:57:33"
"26","5","gmllllll",,,"2019-06-10 08:57:56","2019-06-10 08:57:56"
"27","5",,,,"2019-06-10 08:58:29","2019-06-10 08:58:29"
"28","3","Test today",,,"2019-06-10 10:46:47","2019-06-10 10:46:47"
"29","1",,,,"2019-06-10 11:23:38","2019-06-10 11:23:38"
"30","1",,,,"2019-06-10 11:23:47","2019-06-10 11:23:47"
"31","1","dd",,,"2019-06-11 15:23:10","2019-06-11 15:23:10"
"32","1","d",,,"2019-06-11 15:25:50","2019-06-11 15:25:50"
"33","1","review",,,"2019-06-11 19:02:22","2019-06-11 19:02:22"
"34","1","d",,,"2019-06-11 19:15:07","2019-06-11 19:15:07"
"35","1","wesarf",,,"2019-06-11 19:51:42","2019-06-11 19:51:42"
"36","1","test",,,"2019-06-11 19:53:34","2019-06-11 19:53:34"
"37","1","test by pim",,,"2019-06-11 19:57:31","2019-06-11 19:57:31"
"38","1","test",,,"2019-06-11 20:28:11","2019-06-11 20:28:11"
"39","1","test by pimm",,,"2019-06-12 16:50:47","2019-06-12 16:50:47"
"40","3","test ",,,"2019-06-12 17:18:12","2019-06-12 17:18:12"
"41","1","wqasrd",,,"2019-06-12 17:45:02","2019-06-12 17:45:02"
"42","1","d",,,"2019-06-12 17:48:43","2019-06-12 17:48:43"
"43","5","test",,,"2019-06-13 15:20:10","2019-06-13 15:20:10"
"44","8","R0idk",,,"2019-06-20 10:46:53","2019-06-20 10:46:53"
"45","1","test by pim piiii",,,"2019-06-20 15:12:06","2019-06-20 15:12:06"
"46","1","test",,,"2019-06-21 07:18:11","2019-06-21 07:18:11"
"47","1","3333",,,"2019-06-21 07:53:19","2019-06-21 07:53:19"
"48","1","etf3ref",,,"2019-06-21 08:06:15","2019-06-21 08:06:15"
"49","1","trd",,,"2019-06-21 08:52:00","2019-06-21 08:52:00"
"50","1","test shooopim",,,"2019-06-21 15:07:20","2019-06-21 15:07:20"
