"comment_photo_id","review_shop_photo_id","member_id","parent_id","description","created_on","updated_on"
"1","1","1","0","Shop Photo Comment","2019-06-20 18:23:09","2019-06-20 18:23:09"
"2","11","1","0","Shop Photo Comment","2019-06-20 19:33:52","2019-06-20 19:33:52"
"3","11","1","0","test","2019-06-20 20:04:46","2019-06-20 20:04:46"
"4","11","1","0","test","2019-06-20 20:06:20","2019-06-20 20:06:20"
"5","11","1","0","test","2019-06-20 20:07:25","2019-06-20 20:07:25"
"6","8","1","0","test","2019-06-20 20:11:25","2019-06-20 20:11:25"
"7","8","1","0","test","2019-06-20 20:11:29","2019-06-20 20:11:29"
"8","8","1","0","t","2019-06-20 20:14:32","2019-06-20 20:14:32"
"9","11","1","0","f","2019-06-20 20:15:34","2019-06-20 20:15:34"
"10","2","1","0","te","2019-06-20 20:55:55","2019-06-20 20:55:55"
"11","1","1","1","t","2019-06-20 20:57:39","2019-06-20 20:57:39"
"12","10","1","10","e","2019-06-20 21:00:26","2019-06-20 21:00:26"
"13","10","1","10","e","2019-06-20 21:02:05","2019-06-20 21:02:05"
"14","17","1","17","h","2019-06-20 21:10:03","2019-06-20 21:10:03"
"15","11","1","11","d","2019-06-20 21:11:48","2019-06-20 21:11:48"
"16","11","1","11","f","2019-06-20 21:12:32","2019-06-20 21:12:32"
"17","11","1","11","eeee","2019-06-20 21:12:36","2019-06-20 21:12:36"
"18","11","1","11","dd","2019-06-20 21:13:33","2019-06-20 21:13:33"
"19","11","1","0","d","2019-06-20 21:22:09","2019-06-20 21:22:09"
"20","11","1","0","r","2019-06-20 21:22:13","2019-06-20 21:22:13"
"21","11","1","0","3warsf","2019-06-20 21:22:22","2019-06-20 21:22:22"
"22","11","1","0","d","2019-06-20 21:23:43","2019-06-20 21:23:43"
"23","18","1","0","jj","2019-06-21 08:09:32","2019-06-21 08:09:32"
"24","8","1","6","dd","2019-06-21 12:14:24","2019-06-21 12:14:24"
"25","22","1","0","rew","2019-06-21 17:12:45","2019-06-21 17:12:45"
"26","8","1","0","rfdyh","2019-06-21 18:01:40","2019-06-21 18:01:40"
